{
  "tabs": [
    {
      "caption": "",
      "fullFields": [
        {
          "property": "attr1",
          "caption": "Attr 1",
          "type": 1,
          "orderNumber": 10,
          "mode": 0,
          "required": false,
          "readonly": false,
          "sorted": false,
          "selectionPaginated": false,
          "historyDisplayMode": 0
        },
        {
          "property": "attr2",
          "caption": "Attr2",
          "type": 1,
          "orderNumber": 20,
          "mode": 0,
          "required": false,
          "readonly": false,
          "sorted": false,
          "selectionPaginated": false,
          "historyDisplayMode": 0
        }
      ],
      "shortFields": []
    }
  ]
}