{
  "name": "my-class-3",
  "caption": "My Class 3",
  "key": [
    "guid"
  ],
  "semantic": "",
  "version": "",
  "ancestor": "",
  "container": "",
  "creationTracker": "",
  "changeTracker": "",
  "journaling": false,
  "isStruct": false,
  "properties": [{
      "name": "guid",
      "caption": "ID",
      "type": 12,
      "ordernumber": 10,
      "size": 24,
      "decimals": 0,
      "allowedfiletypes": "",
      "maxfilecount": 0,
      "hint": "",
      "semantic": "",
      "refclass": "",
      "itemsclass": "",
      "backref": "",
      "backcoll": "",
      "defaultvalue": null,
      "binding": null,
      "selconditions": null,
      "selsorting": null,
      "selectionprovider": null,
      "formula": null,
      "eagerloading": false,
      "readonly": true,
      "indexed": true,
      "nullable": false,
      "unique": true,
      "autoassigned": true,
      "indexsearch": false
    }]
}