{
  "name": "my-class-1",
  "caption": "My Class 1",
  "key": [
    "guid"
  ],
  "semantic": "",
  "version": "",
  "ancestor": "",
  "container": "",
  "creationTracker": "",
  "changeTracker": "",
  "journaling": false,
  "isStruct": false,
  "properties": [
    {
      "name": "guid",
      "caption": "ID",
      "type": 12,
      "ordernumber": 10,
      "size": 24,
      "decimals": 0,
      "allowedfiletypes": "",
      "maxfilecount": 0,
      "hint": "",
      "semantic": "",
      "refclass": "",
      "itemsclass": "",
      "backref": "",
      "backcoll": "",
      "defaultvalue": null,
      "binding": null,
      "selconditions": null,
      "selsorting": null,
      "selectionprovider": null,
      "formula": null,
      "eagerloading": false,
      "readonly": true,
      "indexed": true,
      "nullable": false,
      "unique": true,
      "autoassigned": true,
      "indexsearch": false
    },
    {
      "name": "attr1",
      "caption": "Attr 1",
      "type": "0",
      "orderNumber": 20,
      "size": null,
      "decimals": 0,
      "allowedFileTypes": "",
      "maxFileCount": 0,
      "hint": "",
      "semantic": "",
      "refClass": "",
      "itemsClass": "",
      "backRef": "",
      "backColl": "",
      "defaultValue": null,
      "binding": null,
      "selConditions": null,
      "selSorting": null,
      "selectionProvider": null,
      "formula": null,
      "eagerLoading": false,
      "readonly": false,
      "indexed": false,
      "nullable": false,
      "unique": false,
      "autoassigned": false,
      "indexSearch": false
    },
    {
      "name": "attr2",
      "caption": "Attr2",
      "type": "0",
      "orderNumber": 30,
      "size": null,
      "decimals": 0,
      "allowedFileTypes": "",
      "maxFileCount": 0,
      "hint": "",
      "semantic": "",
      "refClass": "my-class-2",
      "itemsClass": "",
      "backRef": "",
      "backColl": "",
      "defaultValue": null,
      "binding": null,
      "selConditions": null,
      "selSorting": null,
      "selectionProvider": null,
      "formula": null,
      "eagerLoading": false,
      "readonly": false,
      "indexed": false,
      "nullable": false,
      "unique": false,
      "autoassigned": false,
      "indexSearch": false
    }
  ]
}